{
  "main": {
    "id": "280e6899a77bbf8a",
    "type": "split",
    "children": [
      {
        "id": "79370fd54b2aecea",
        "type": "tabs",
        "children": [
          {
            "id": "a772bd3d92d41e0b",
            "type": "leaf",
            "state": {
              "type": "3d_graph_view",
              "state": {}
            }
          },
          {
            "id": "055b8852efbe41e1",
            "type": "leaf",
            "state": {
              "type": "markdown",
              "state": {
                "file": "IAS/Lecture Notes/IAS Lecture 4.md",
                "mode": "preview",
                "source": false
              }
            }
          }
        ],
        "currentTab": 1
      }
    ],
    "direction": "vertical"
  },
  "left": {
    "id": "ba0acc0abaeb49f9",
    "type": "split",
    "children": [
      {
        "id": "77f44faadbc68ffb",
        "type": "tabs",
        "children": [
          {
            "id": "96c195e4f80a43aa",
            "type": "leaf",
            "state": {
              "type": "file-explorer",
              "state": {
                "sortOrder": "alphabetical"
              }
            }
          },
          {
            "id": "cf81676ffa124a7d",
            "type": "leaf",
            "state": {
              "type": "search",
              "state": {
                "query": "",
                "matchingCase": false,
                "explainSearch": false,
                "collapseAll": false,
                "extraContext": false,
                "sortOrder": "alphabetical"
              }
            }
          },
          {
            "id": "5c757f6707773bf4",
            "type": "leaf",
            "state": {
              "type": "starred",
              "state": {}
            }
          }
        ]
      }
    ],
    "direction": "horizontal",
    "width": 300
  },
  "right": {
    "id": "78024cb4790efca4",
    "type": "split",
    "children": [
      {
        "id": "5ac4ac17bf9d70af",
        "type": "tabs",
        "children": [
          {
            "id": "6966547c052d2210",
            "type": "leaf",
            "state": {
              "type": "backlink",
              "state": {
                "file": "IAS/Lecture Notes/IAS Lecture 4.md",
                "collapseAll": false,
                "extraContext": false,
                "sortOrder": "alphabetical",
                "showSearch": false,
                "searchQuery": "",
                "backlinkCollapsed": false,
                "unlinkedCollapsed": true
              }
            }
          },
          {
            "id": "10ad0df1c0c56683",
            "type": "leaf",
            "state": {
              "type": "outgoing-link",
              "state": {
                "file": "IAS/Lecture Notes/IAS Lecture 4.md",
                "linksCollapsed": false,
                "unlinkedCollapsed": true
              }
            }
          },
          {
            "id": "38e6a6e844d53eb2",
            "type": "leaf",
            "state": {
              "type": "tag",
              "state": {
                "sortOrder": "frequency",
                "useHierarchy": true
              }
            }
          },
          {
            "id": "2cdf375da15673e9",
            "type": "leaf",
            "state": {
              "type": "outline",
              "state": {
                "file": "IAS/Lecture Notes/IAS Lecture 4.md"
              }
            }
          },
          {
            "id": "32d2fc287b17e5de",
            "type": "leaf",
            "state": {
              "type": "git-view",
              "state": {}
            }
          }
        ],
        "currentTab": 4
      }
    ],
    "direction": "horizontal",
    "width": 300
  },
  "left-ribbon": {
    "hiddenItems": {
      "switcher:Open quick switcher": false,
      "graph:Open graph view": false,
      "canvas:Create new canvas": false,
      "daily-notes:Open today's daily note": false,
      "command-palette:Open command palette": false,
      "terminal:Open terminal": false,
      "3d-graph:3D Graph": false
    }
  },
  "active": "055b8852efbe41e1",
  "lastOpenFiles": [
    "IAS/Aftelbaar.md",
    "IAS/Gelijkmachtigheid.md",
    "IAS/Turing-volledigheid.md",
    "IAS/L-systeem.md",
    "IAS/Lecture Notes/Lecture 3.md",
    "IAS/Iterated Function Systems.md",
    "IAS/Escape Time Fractals.md",
    "IAS/Koch curve.md",
    "Pasted image 20230220115700.png",
    "IAS/Hausdorff-dimensie.md"
  ]
}